no,name,tel,address,date
1,織田,090-1111-2222,東京都千代田区,2014/5/23
2,徳川,090-1111-2222,東京都千代田区,2014/5/23
3,坂本,090-1111-2222,東京都千代田区,2014/5/23
4,吉田,090-1111-2222,東京都千代田区,2014/5/23
5,斉藤,090-1111-2222,東京都千代田区,2014/5/23
6,織田,090-1111-2222,東京都千代田区,2014/5/23
7,徳川,090-1111-2222,東京都千代田区,2014/5/23
8,坂本,090-1111-2222,東京都千代田区,2014/5/23
9,吉田,090-1111-2222,東京都千代田区,2014/5/23
10,斉藤,090-1111-2222,東京都千代田区,2014/5/23
11,織田,090-1111-2222,東京都千代田区,2014/5/23
12,徳川,090-1111-2222,東京都千代田区,2014/5/23
13,坂本,090-1111-2222,東京都千代田区,2014/5/23
14,吉田,090-1111-2222,東京都千代田区,2014/5/23
15,斉藤,090-1111-2222,東京都千代田区,2014/5/23